"0","# 取出 date 列的第一行值，赋给 playdate。"
"0","# 如果是整数型int，可能表示格式为 YYYYMMDD。"
"0","playdate <- df$date[1]"
"0","# 取出time列的第一行值，赋给playtime。"
"0","# time列通常是字符型，格式可能为""H.M""（如""20.15""）。"
"0","playtime <- df$time[1]"
"0","# paste()将playdate和playtime合并成一个字符串，表示完整的日期时间。"
"0","playdatetime <- paste(playdate, playtime)"
"0","# parse_date_time()是lubridate包的一个强大函数，可以根据指定格式解析日期时间字符串（字符向量）："
"0","  # %y = 年（两位数）"
"0","  # %m = 月（两位数）"
"0","  # %d = 日（两位数）"
"0","  # %H = 小时（24小时制）"
"0","  # %M = 分钟"
"0","playdatetime <- parse_date_time(playdatetime, "
"0","                                ""%y-%m-%d %H.%M"")"
"0","playdatetime"
"1","[1]"
"1"," ""2008-10-28 12:00:00 UTC"""
"1","
"
"0","# POSIXct是R中用来表示日历日期和时间的类型"
"0","class(playdatetime)#[1] ""POSIXct"" ""POSIXt"" "
"1","[1]"
"1"," ""POSIXct"""
"1"," ""POSIXt"" "
"1","
"
